{"cameraMode":{"drawMode":0,"name":"Shaded","section":"Shading Mode"},"sceneLighting":true,"audioPlay":false,"sceneViewState":{"m_AlwaysRefresh":false,"showFog":true,"showSkybox":true,"showFlares":true,"showImageEffects":true,"showParticleSystems":true,"showVisualEffectGraphs":true,"m_FxEnabled":true},"in2DMode":false,"pivot":{"x":-14.94185733795166,"y":5.217229843139648,"z":-2.663212776184082},"rotation":{"x":-0.19995324313640595,"y":0.0005854188348166645,"z":-0.00011815375182777643,"w":-0.9798099994659424},"size":6.3744587898254398,"orthographic":false}